{
  "30d_volume": 19260.673747444016,
  "last_tier_check": 1768304440.0156937,
  "timestamp": 1768307870.609151
}