{
  "30d_volume": 325.6174339388533,
  "last_tier_check": 1768661542.6031287,
  "timestamp": 1768661542.6954472
}