{
  "30d_volume": 633.5577441521698,
  "last_tier_check": 1768379006.0494013,
  "timestamp": 1768379006.141079
}