{
  "30d_volume": 325.6174339388533,
  "last_tier_check": 1768579782.6099718,
  "timestamp": 1768579782.7011518
}