{
  "30d_volume": 223.29507270564883,
  "last_tier_check": 1770220000.6915605,
  "timestamp": 1770220000.817747
}