{
  "30d_volume": 2892.6656271948564,
  "last_tier_check": 1768257481.0025356,
  "timestamp": 1768258293.9264867
}