{
  "30d_volume": 1022.0374339388518,
  "last_tier_check": 1768574675.8753085,
  "timestamp": 1768577139.6815941
}