{
  "30d_volume": 223.29507270564883,
  "last_tier_check": 1770331020.5531259,
  "timestamp": 1770331020.6463766
}