{
  "30d_volume": 325.6174339388533,
  "last_tier_check": 1768609748.9969492,
  "timestamp": 1768609749.0885427
}