{
  "30d_volume": 305.97353426242984,
  "last_tier_check": 1768416499.571057,
  "timestamp": 1768416499.6668823
}