{
  "30d_volume": 325.6174339388533,
  "last_tier_check": 1768753069.2448258,
  "timestamp": 1768753069.334981
}