{
  "30d_volume": 4320.478276419899,
  "last_tier_check": 1768363655.237472,
  "timestamp": 1768364619.133977
}