{
  "30d_volume": 325.6174339388533,
  "last_tier_check": 1768580905.7688067,
  "timestamp": 1768580905.8587618
}