{
  "30d_volume": 6027.837195796629,
  "last_tier_check": 1768295829.464287,
  "timestamp": 1768297229.7875576
}