{
  "30d_volume": 290.29198244272965,
  "last_tier_check": 1768944261.940887,
  "timestamp": 1768944262.036672
}