{
  "30d_volume": 283.6548525575744,
  "last_tier_check": 1769264556.9584823,
  "timestamp": 1769264557.0509043
}