{
  "30d_volume": 317.10362885113335,
  "last_tier_check": 1768522456.8046436,
  "timestamp": 1768522456.896024
}