{
  "30d_volume": 317.10362885113335,
  "last_tier_check": 1768519831.5128567,
  "timestamp": 1768519831.6029773
}