{
  "30d_volume": 4669.780556575249,
  "last_tier_check": 1768271894.3696415,
  "timestamp": 1768274264.0970366
}