{
  "timestamp": "2026-01-13T03:17:44.097686",
  "input_size": 6,
  "hidden_size": 12,
  "learning_rate": 0.01,
  "weights_input_hidden": [
    [
      0.36075249314308167,
      0.010388229042291641,
      0.10096068680286407,
      0.34708377718925476,
      -0.20915986597537994,
      -0.017523881047964096,
      -0.08401976525783539,
      -0.017417773604393005,
      0.2330666482448578,
      0.153694748878479,
      0.06821150332689285,
      0.11898265779018402
    ],
    [
      0.1698746681213379,
      -0.06378059089183807,
      0.1313844472169876,
      0.283657431602478,
      0.08832275867462158,
      -0.05092098191380501,
      -0.0036104656755924225,
      -0.05997059494256973,
      -0.06417886167764664,
      -0.050806570798158646,
      -0.13055621087551117,
      -0.13228730857372284
    ],
    [
      0.20529180765151978,
      -0.06976199895143509,
      0.07825955748558044,
      0.3895774781703949,
      -0.0374629981815815,
      0.008657100610435009,
      -0.0776686817407608,
      0.025223776698112488,
      -0.11708055436611176,
      0.11645305901765823,
      -0.016527289524674416,
      0.05400708690285683
    ],
    [
      0.2844112813472748,
      0.023138325661420822,
      0.07741959393024445,
      0.26820144057273865,
      -0.08459029346704483,
      -0.15721073746681213,
      0.14779064059257507,
      -0.16785860061645508,
      -0.10580737888813019,
      0.06497442722320557,
      -0.020077668130397797,
      0.016143057495355606
    ],
    [
      0.11833072453737259,
      -0.052145373076200485,
      0.16696330904960632,
      0.4295596480369568,
      0.19853459298610687,
      0.06384792923927307,
      0.15274125337600708,
      0.03963474929332733,
      0.05087300017476082,
      0.1862662136554718,
      -0.03175937011837959,
      -0.09778515249490738
    ],
    [
      0.4006255567073822,
      0.1692662239074707,
      0.03455835208296776,
      0.29713886976242065,
      0.0946572944521904,
      -0.046466704457998276,
      -0.15070268511772156,
      0.1394805610179901,
      -0.03947483003139496,
      0.0007261085556820035,
      0.05538097396492958,
      -0.02562860958278179
    ]
  ],
  "bias_hidden": [
    [
      0.36147791147232056,
      -0.00878998078405857,
      0.05868930742144585,
      0.5715222954750061,
      -0.025157278403639793,
      0.0,
      -7.253717922139913e-05,
      -0.0004036937025375664,
      0.0,
      0.13161136209964752,
      0.0,
      0.0
    ]
  ],
  "weights_hidden_output": [
    [
      -0.7009145617485046
    ],
    [
      0.12403098493814468
    ],
    [
      -0.20028361678123474
    ],
    [
      -1.001632571220398
    ],
    [
      0.023490071296691895
    ],
    [
      0.07592111825942993
    ],
    [
      0.1155831590294838
    ],
    [
      -0.16183263063430786
    ],
    [
      0.13087475299835205
    ],
    [
      -0.2325012981891632
    ],
    [
      -0.15231859683990479
    ],
    [
      0.057361453771591187
    ]
  ],
  "bias_output": [
    [
      -1.406341314315796
    ]
  ],
  "training_history_count": 11928,
  "epoch_losses": [
    0.00038572598714381456,
    0.0003857003466691822,
    0.00038567499723285437,
    0.000385649356758222,
    0.00038562383269891143,
    0.00038559819222427905,
    0.00038557255174964666,
    0.00038554694037884474,
    0.0003855218819808215,
    0.0003854962415061891,
    0.000382884027203545,
    0.0003828589688055217,
    0.000382833881303668,
    0.00038280844455584884,
    0.00038278341526165605,
    0.00038275824044831097,
    0.00038273289101198316,
    0.0003827078908216208,
    0.00038268286152742803,
    0.00038265757029876113,
    0.0003826324245892465,
    0.000382607220672071,
    0.00038258242420852184,
    0.0003825570165645331,
    0.00038253184175118804,
    0.00037995565799064934,
    0.00037993077421560884,
    0.0003799060359597206,
    0.0003798814141191542,
    0.000379856675863266,
    0.00037983155925758183,
    0.00037980714114382863,
    0.0003797826066147536,
    0.0003797577228397131,
    0.0003797328972723335,
    0.0003797081590164453,
    0.00037968356627970934,
    0.0003796589735429734,
    0.0003796342352870852,
    0.00037960949703119695,
    0.0003770733601413667,
    0.000377048971131444,
    0.00037702464032918215,
    0.00037700001848861575,
    0.0003769754257518798,
    0.00037695092032663524,
    0.00037692624027840793,
    0.00037690188037231565,
    0.0003768773458432406,
    0.00037685289862565696,
    0.00037682842230424285,
    0.00037680406239815056,
    0.0003767794114537537,
    0.00037675481871701777,
    0.00037673034239560366,
    0.0003742217377293855,
    0.0003741977852769196,
    0.0003741733089555055,
    0.00037414912367239594,
    0.00037412464735098183,
    0.0003741008404176682,
    0.00037407653871923685,
    0.0003740524989552796,
    0.00037402816815301776,
    0.00037400421570055187,
    0.00037397968117147684,
    0.0003739556414075196,
    0.00037393125239759684,
    0.00037390735815279186,
    0.00037388302735053003,
    0.00037141499342396855,
    0.00037139144842512906,
    0.00037136737955734134,
    0.00037134368903934956,
    0.00037131967837922275,
    0.00037129581323824823,
    0.0003712720063049346,
    0.00037124802474863827,
    0.0003712243342306465,
    0.00037120041088201106,
    0.00037117674946784973,
    0.00037115305894985795,
    0.00037112916470505297,
    0.0003711051249410957,
    0.00037108123069629073,
    0.0003686447162181139,
    0.0003686213749460876,
    0.00036859780084341764,
    0.00036857411032542586,
    0.00036855044891126454,
    0.0003685272531583905,
    0.00036850350443273783,
    0.00036848001764155924,
    0.0003684564435388893,
    0.0003684328403323889,
    0.0003684093535412103,
    0.0003683857503347099,
    0.00036836255458183587,
    0.00036833889316767454,
    0.0003683152317535132
  ]
}