{
  "timestamp": "2026-01-13T09:40:29.788269",
  "input_size": 6,
  "hidden_size": 12,
  "learning_rate": 0.01,
  "weights_input_hidden": [
    [
      0.3637405335903168,
      0.010388229042291641,
      0.10181505978107452,
      0.3513537049293518,
      -0.20915986597537994,
      -0.017523881047964096,
      -0.08401976525783539,
      -0.017417773604393005,
      0.2330666482448578,
      0.15468688309192657,
      0.06821150332689285,
      0.11898265779018402
    ],
    [
      0.17286287248134613,
      -0.06378059089183807,
      0.1322387009859085,
      0.2879273593425751,
      0.08832275867462158,
      -0.05092098191380501,
      -0.0036104656755924225,
      -0.05997059494256973,
      -0.06417886167764664,
      -0.04981542006134987,
      -0.13055621087551117,
      -0.13228730857372284
    ],
    [
      0.20828001201152802,
      -0.06976199895143509,
      0.0791139304637909,
      0.39384740591049194,
      -0.0374629981815815,
      0.008657100610435009,
      -0.0776686817407608,
      0.025223776698112488,
      -0.11708055436611176,
      0.11744417250156403,
      -0.016527289524674416,
      0.05400708690285683
    ],
    [
      0.2873993217945099,
      0.023138325661420822,
      0.0782739669084549,
      0.2724713683128357,
      -0.08459029346704483,
      -0.15721073746681213,
      0.14779064059257507,
      -0.16785860061645508,
      -0.10580737888813019,
      0.06596554070711136,
      -0.020077668130397797,
      0.016143057495355606
    ],
    [
      0.12131912261247635,
      -0.052145373076200485,
      0.16781756281852722,
      0.43382957577705383,
      0.19853459298610687,
      0.06384792923927307,
      0.15274125337600708,
      0.03963474929332733,
      0.05087300017476082,
      0.18725834786891937,
      -0.03175937011837959,
      -0.09778515249490738
    ],
    [
      0.4036135971546173,
      0.1692662239074707,
      0.03541276231408119,
      0.3014087975025177,
      0.0946572944521904,
      -0.046466704457998276,
      -0.15070268511772156,
      0.1394805610179901,
      -0.03947483003139496,
      0.00171723123639822,
      0.05538097396492958,
      -0.02562860958278179
    ]
  ],
  "bias_hidden": [
    [
      0.36745432019233704,
      -0.00878998078405857,
      0.06039823591709137,
      0.5800621509552002,
      -0.025157278403639793,
      0.0,
      -7.253717922139913e-05,
      -0.0004036937025375664,
      0.0,
      0.1335935890674591,
      0.0,
      0.0
    ]
  ],
  "weights_hidden_output": [
    [
      -0.710558295249939
    ],
    [
      0.12403098493814468
    ],
    [
      -0.20329508185386658
    ],
    [
      -1.015097975730896
    ],
    [
      0.023490071296691895
    ],
    [
      0.07592111825942993
    ],
    [
      0.1155831590294838
    ],
    [
      -0.16183263063430786
    ],
    [
      0.13087475299835205
    ],
    [
      -0.23563219606876373
    ],
    [
      -0.15231859683990479
    ],
    [
      0.057361453771591187
    ]
  ],
  "bias_output": [
    [
      -1.414808988571167
    ]
  ],
  "training_history_count": 2040,
  "epoch_losses": [
    0.00032954991911537945,
    0.00032953088521026075,
    0.0003295118222013116,
    0.0003294924972578883,
    0.00032947349245660007,
    0.00032945419661700726,
    0.0003294351336080581,
    0.00032941607059910893,
    0.0003293969784863293,
    0.0003293780901003629,
    0.00032741439645178616,
    0.00032739542075432837,
    0.00032737638684920967,
    0.0003273573238402605,
    0.00032733846455812454,
    0.0003273196052759886,
    0.00032730045495554805,
    0.00032728168298490345,
    0.0003272625326644629,
    0.0003272435860708356,
    0.00032722469768486917,
    0.0003272057801950723,
    0.00032718657166697085,
    0.00032716753776185215,
    0.000327148474752903,
    0.0003252119931858033,
    0.00032519333763048053,
    0.00032517456565983593,
    0.00032515585189685225,
    0.00032513722544535995,
    0.0003251182206440717,
    0.0003250995941925794,
    0.0003250809386372566,
    0.00032506228308193386,
    0.00032504359842278063,
    0.00032502482645213604,
    0.0003250061708968133,
    0.0003249873698223382,
    0.00032496865605935454,
    0.0003249500587116927,
    0.0003230289730709046,
    0.00032301031751558185,
    0.0003229922440368682,
    0.00032297364668920636,
    0.0003229552530683577,
    0.00032293659751303494,
    0.0003229184076189995,
    0.00032289960654452443,
    0.0003228811838198453,
    0.0003228626446798444,
    0.0003228441928513348,
    0.00032282579923048615,
    0.0003228074056096375,
    0.0003227889246772975,
    0.0003227708220947534,
    0.00032087854924611747,
    0.0003208604466635734,
    0.000320842198561877,
    0.0003208237758371979,
    0.00032080590608529747,
    0.00032078754156827927,
    0.00032076917705126107,
    0.0003207510453648865,
    0.0003207328263670206,
    0.00032071478199213743,
    0.0003206964465789497,
    0.0003206783439964056,
    0.00032066021231003106,
    0.00032064184779301286,
    0.0003206238616257906,
    0.00031876377761363983,
    0.0003187455877196044,
    0.0003187276888638735,
    0.0003187093243468553,
    0.00031869151280261576,
    0.0003186735266353935,
    0.000318655715091154,
    0.0003186378162354231,
    0.0003186198591720313,
    0.0003186016983818263,
    0.000318583392072469,
    0.0003185654932167381,
    0.0003185475361533463,
    0.0003185297246091068,
    0.0003185118839610368,
    0.0003166668757330626,
    0.0003166491515003145,
    0.00031663101981393993,
    0.00031661312095820904,
    0.0003165951056871563,
    0.0003165772941429168,
    0.00031655951170250773,
    0.00031654172926209867,
    0.00031652397592552006,
    0.0003165061352774501,
    0.00031648812000639737,
    0.000316470192046836,
    0.0003164524969179183,
    0.00031643430702388287,
    0.0003164165827911347
  ]
}