{
  "timestamp": "2026-01-14T04:23:39.134701",
  "input_size": 6,
  "hidden_size": 12,
  "learning_rate": 0.01,
  "weights_input_hidden": [
    [
      0.39338546991348267,
      0.010388229042291641,
      0.11033610999584198,
      0.3936190903186798,
      -0.20915986597537994,
      -0.017523881047964096,
      -0.08401976525783539,
      -0.017417773604393005,
      0.2330666482448578,
      0.1645025759935379,
      0.06821150332689285,
      0.11898265779018402
    ],
    [
      0.20248843729496002,
      -0.06378059089183807,
      0.14075329899787903,
      0.33019277453422546,
      0.08832275867462158,
      -0.05092098191380501,
      -0.0036104656755924225,
      -0.05997059494256973,
      -0.06417886167764664,
      -0.04000222310423851,
      -0.13055621087551117,
      -0.13228730857372284
    ],
    [
      0.2379055768251419,
      -0.06976199895143509,
      0.08763498067855835,
      0.43611279129981995,
      -0.0374629981815815,
      0.008657100610435009,
      -0.0776686817407608,
      0.025223776698112488,
      -0.11708055436611176,
      0.12726399302482605,
      -0.016527289524674416,
      0.05400708690285683
    ],
    [
      0.3170442581176758,
      0.023138325661420822,
      0.08679501712322235,
      0.3147367537021637,
      -0.08459029346704483,
      -0.15721073746681213,
      0.14779064059257507,
      -0.16785860061645508,
      -0.10580737888813019,
      0.07577801495790482,
      -0.020077668130397797,
      0.016143057495355606
    ],
    [
      0.150945246219635,
      -0.052145373076200485,
      0.17633216083049774,
      0.4760949909687042,
      0.19853459298610687,
      0.06384792923927307,
      0.15274125337600708,
      0.03963474929332733,
      0.05087300017476082,
      0.1970740407705307,
      -0.03175937011837959,
      -0.09778515249490738
    ],
    [
      0.4332585334777832,
      0.1692662239074707,
      0.04393501579761505,
      0.3436742126941681,
      0.0946572944521904,
      -0.046466704457998276,
      -0.15070268511772156,
      0.1394805610179901,
      -0.03947483003139496,
      0.011530213989317417,
      0.05538097396492958,
      -0.02562860958278179
    ]
  ],
  "bias_hidden": [
    [
      0.4267054498195648,
      -0.00878998078405857,
      0.07744293659925461,
      0.6645929217338562,
      -0.025157278403639793,
      0.0,
      -7.253717922139913e-05,
      -0.0004036937025375664,
      0.0,
      0.15321855247020721,
      0.0,
      0.0
    ]
  ],
  "weights_hidden_output": [
    [
      -0.8059038519859314
    ],
    [
      0.12403098493814468
    ],
    [
      -0.23291254043579102
    ],
    [
      -1.1484471559524536
    ],
    [
      0.023490071296691895
    ],
    [
      0.07592111825942993
    ],
    [
      0.1155831590294838
    ],
    [
      -0.16183263063430786
    ],
    [
      0.13087475299835205
    ],
    [
      -0.2666262686252594
    ],
    [
      -0.15231859683990479
    ],
    [
      0.057361453771591187
    ]
  ],
  "bias_output": [
    [
      -1.4930648803710938
    ]
  ],
  "training_history_count": 23515,
  "epoch_losses": [
    6.446760380640626e-05,
    6.446668703574687e-05,
    6.446579209296033e-05,
    6.446486077038571e-05,
    6.44638785161078e-05,
    6.444134487537667e-05,
    6.444042082875967e-05,
    6.44395113340579e-05,
    6.443858001148328e-05,
    6.443759048124775e-05,
    6.438417040044442e-05,
    6.438320997403935e-05,
    6.438227865146473e-05,
    6.438130367314443e-05,
    6.438045966206118e-05,
    6.435794057324529e-05,
    6.435695831896737e-05,
    6.435604154830799e-05,
    6.435514660552144e-05,
    6.435414252337068e-05,
    6.433174712583423e-05,
    6.433069938793778e-05,
    6.43297826172784e-05,
    6.432883674278855e-05,
    6.432796362787485e-05,
    6.42745872028172e-05,
    6.427367043215781e-05,
    6.42726881778799e-05,
    6.42717641312629e-05,
    6.427081825677305e-05,
    6.424835009966046e-05,
    6.42474478809163e-05,
    6.424653111025691e-05,
    6.424563616747037e-05,
    6.424458842957392e-05,
    6.42221566522494e-05,
    6.422126170946285e-05,
    6.422033766284585e-05,
    6.421939906431362e-05,
    6.421840953407809e-05,
    6.41652150079608e-05,
    6.41642400296405e-05,
    6.416335236281157e-05,
    6.416236283257604e-05,
    6.41614751657471e-05,
    6.413905066438019e-05,
    6.413807568605989e-05,
    6.413718801923096e-05,
    6.413619848899543e-05,
    6.413528171833605e-05,
    6.411291542463005e-05,
    6.411193317035213e-05,
    6.411108915926889e-05,
    6.41100705252029e-05,
    6.41091464785859e-05,
    6.405595922842622e-05,
    6.40550788375549e-05,
    6.405409658327699e-05,
    6.405320164049044e-05,
    6.405221938621253e-05,
    6.402984581654891e-05,
    6.402888539014384e-05,
    6.402798317139968e-05,
    6.402707367669791e-05,
    6.402610597433522e-05,
    6.400369602488354e-05,
    6.4002801082097e-05,
    6.40018261037767e-05,
    6.400096754077822e-05,
    6.400002166628838e-05,
    6.394692900357768e-05,
    6.394595402525738e-05,
    6.394506635842845e-05,
    6.394408410415053e-05,
    6.39431964373216e-05,
    6.392086652340367e-05,
    6.391988426912576e-05,
    6.391898932633922e-05,
    6.391801434801891e-05,
    6.39171848888509e-05,
    6.389479676727206e-05,
    6.38938436168246e-05,
    6.38928686385043e-05,
    6.389196641976014e-05,
    6.389104964910075e-05,
    6.383802247000858e-05,
    6.383709842339158e-05,
    6.383616710081697e-05,
    6.383522850228474e-05,
    6.383425352396443e-05,
    6.381198909366503e-05,
    6.381107232300565e-05,
    6.381010462064296e-05,
    6.380920967785642e-05,
    6.38082274235785e-05,
    6.378594844136387e-05,
    6.378506077453494e-05,
    6.378407852025703e-05,
    6.37831908534281e-05,
    6.37822158751078e-05
  ]
}