{
  "timestamp": "2026-01-14T07:14:54.229600",
  "input_size": 6,
  "hidden_size": 12,
  "learning_rate": 0.01,
  "weights_input_hidden": [
    [
      0.39538252353668213,
      0.010388229042291641,
      0.11091689020395279,
      0.39647969603538513,
      -0.20915986597537994,
      -0.017523881047964096,
      -0.08401976525783539,
      -0.017417773604393005,
      0.2330666482448578,
      0.16515450179576874,
      0.06821150332689285,
      0.11898265779018402
    ],
    [
      0.20450375974178314,
      -0.06378059089183807,
      0.14135894179344177,
      0.3330533802509308,
      0.08832275867462158,
      -0.05092098191380501,
      -0.0036104656755924225,
      -0.05997059494256973,
      -0.06417886167764664,
      -0.039337173104286194,
      -0.13055621087551117,
      -0.13228730857372284
    ],
    [
      0.23992089927196503,
      -0.06976199895143509,
      0.08821576088666916,
      0.43897339701652527,
      -0.0374629981815815,
      0.008657100610435009,
      -0.0776686817407608,
      0.025223776698112488,
      -0.11708055436611176,
      0.12791591882705688,
      -0.016527289524674416,
      0.05400708690285683
    ],
    [
      0.31904131174087524,
      0.023138325661420822,
      0.08737579733133316,
      0.317597359418869,
      -0.08459029346704483,
      -0.15721073746681213,
      0.14779064059257507,
      -0.16785860061645508,
      -0.10580737888813019,
      0.07644131034612656,
      -0.020077668130397797,
      0.016143057495355606
    ],
    [
      0.15296056866645813,
      -0.052145373076200485,
      0.17693780362606049,
      0.47895559668540955,
      0.19853459298610687,
      0.06384792923927307,
      0.15274125337600708,
      0.03963474929332733,
      0.05087300017476082,
      0.19772596657276154,
      -0.03175937011837959,
      -0.09778515249490738
    ],
    [
      0.43525558710098267,
      0.1692662239074707,
      0.044516101479530334,
      0.3465348184108734,
      0.0946572944521904,
      -0.046466704457998276,
      -0.15070268511772156,
      0.1394805610179901,
      -0.03947483003139496,
      0.0121953459456563,
      0.05538097396492958,
      -0.02562860958278179
    ]
  ],
  "bias_hidden": [
    [
      0.43073609471321106,
      -0.00878998078405857,
      0.07860510796308517,
      0.6703141331672668,
      -0.025157278403639793,
      0.0,
      -7.253717922139913e-05,
      -0.0004036937025375664,
      0.0,
      0.1545451432466507,
      0.0,
      0.0
    ]
  ],
  "weights_hidden_output": [
    [
      -0.8123675584793091
    ],
    [
      0.12403098493814468
    ],
    [
      -0.23491159081459045
    ],
    [
      -1.1574783325195312
    ],
    [
      0.023490071296691895
    ],
    [
      0.07592111825942993
    ],
    [
      0.1155831590294838
    ],
    [
      -0.16183263063430786
    ],
    [
      0.13087475299835205
    ],
    [
      -0.2687256336212158
    ],
    [
      -0.15231859683990479
    ],
    [
      0.057361453771591187
    ]
  ],
  "bias_output": [
    [
      -1.4980263710021973
    ]
  ],
  "training_history_count": 5580,
  "epoch_losses": [
    5.747667819377966e-05,
    5.747585237259045e-05,
    5.747510294895619e-05,
    5.74743389734067e-05,
    5.747361501562409e-05,
    5.743454676121473e-05,
    5.7433717302046716e-05,
    5.743294968851842e-05,
    5.7432203902862966e-05,
    5.743142173741944e-05,
    5.738167237723246e-05,
    5.738090840168297e-05,
    5.7380144426133484e-05,
    5.7379365898668766e-05,
    5.737862011301331e-05,
    5.7377867051400244e-05,
    5.7377092161914334e-05,
    5.7376291806576774e-05,
    5.7375578762730584e-05,
    5.7374763855477795e-05,
    5.733573925681412e-05,
    5.733501529903151e-05,
    5.7334207667736337e-05,
    5.733346552005969e-05,
    5.733268699259497e-05,
    5.728332689614035e-05,
    5.728256292059086e-05,
    5.7281820772914216e-05,
    5.728105679736473e-05,
    5.728031101170927e-05,
    5.727949974243529e-05,
    5.727877214667387e-05,
    5.7278033636976033e-05,
    5.727727329940535e-05,
    5.7276505685877055e-05,
    5.7237815781263635e-05,
    5.723701906390488e-05,
    5.723629510612227e-05,
    5.723553113057278e-05,
    5.723474532715045e-05,
    5.71854725421872e-05,
    5.7184752222383395e-05,
    5.718400643672794e-05,
    5.718316970160231e-05,
    5.718246029573493e-05,
    5.718165994039737e-05,
    5.7180976000381634e-05,
    5.718019383493811e-05,
    5.7179462601197883e-05,
    5.717864405596629e-05,
    5.713995051337406e-05,
    5.713926293537952e-05,
    5.713855352951214e-05,
    5.713773498428054e-05,
    5.713698919862509e-05,
    5.7087781897280365e-05,
    5.7086977903964e-05,
    5.708628668799065e-05,
    5.7085468142759055e-05,
    5.7084704167209566e-05,
    5.708407115889713e-05,
    5.7083252613665536e-05,
    5.708245953428559e-05,
    5.7081728300545365e-05,
    5.7080924307229e-05,
    5.7042372645810246e-05,
    5.704162686015479e-05,
    5.704083014279604e-05,
    5.704015347873792e-05,
    5.7039334933506325e-05,
    5.699025496141985e-05,
    5.6989487347891554e-05,
    5.6988723372342065e-05,
    5.698798122466542e-05,
    5.698721361113712e-05,
    5.698647510143928e-05,
    5.69857147638686e-05,
    5.698495078831911e-05,
    5.698420136468485e-05,
    5.698344102711417e-05,
    5.694495121133514e-05,
    5.694415085599758e-05,
    5.6943426898214966e-05,
    5.69426229048986e-05,
    5.6941938964882866e-05,
    5.689285171683878e-05,
    5.689210593118332e-05,
    5.6891341955633834e-05,
    5.6890654377639294e-05,
    5.68898358324077e-05,
    5.688907913281582e-05,
    5.688832970918156e-05,
    5.6887514801928774e-05,
    5.688688179361634e-05,
    5.6886063248384744e-05,
    5.684758070856333e-05,
    5.6846845836844295e-05,
    5.68461291550193e-05,
    5.6845306971808895e-05,
    5.684456482413225e-05
  ]
}